filename,prob
TEST_000.mp4,0.024885176
TEST_001.jpg,0.054597244
TEST_002.mp4,0.06828065
TEST_003.mp4,0.7223273
TEST_004.jpg,0.03981878
TEST_005.mp4,0.04305248
TEST_006.mp4,0.04530735
TEST_007.jpg,0.3486933
TEST_008.jpg,0.07053044
TEST_009.png,0.0673292
TEST_010.png,0.041953716
TEST_011.mp4,0.07582195
TEST_012.mp4,0.033089243
TEST_013.jfif,0.043641042
TEST_014.mp4,0.050960902
TEST_015.mp4,0.051260453
TEST_016.png,0.042133197
TEST_017.jpeg,0.04394188
TEST_018.mp4,0.13364857
TEST_019.mp4,0.45257062
TEST_020.png,0.036167767
TEST_021.png,0.021254418
TEST_022.jpg,0.060772162
TEST_023.mp4,0.039159056
TEST_024.jpeg,0.037256017
TEST_025.png,0.28458455
TEST_026.png,0.03538552
TEST_027.png,0.034390092
TEST_028.jpeg,0.07219114
TEST_029.mp4,0.11704699
TEST_030.png,0.021985866
TEST_031.mp4,0.028335309
TEST_032.mp4,0.38748422
TEST_033.mp4,0.101940826
TEST_034.png,0.054835457
TEST_035.mov,0.043126825
TEST_036.mp4,0.016282417
TEST_037.png,0.042181987
TEST_038.mp4,0.08737909
TEST_039.jpeg,0.040594283
TEST_040.mp4,0.3413915
TEST_041.jpg,0.050787058
TEST_042.png,0.40126467
TEST_043.mp4,0.17527853
TEST_044.jpg,0.07968941
TEST_045.png,0.05322296
TEST_046.png,0.04423724
TEST_047.jpg,0.038084365
TEST_048.mp4,0.05048468
TEST_049.jpg,0.05112593
TEST_050.jpg,0.18141592
TEST_051.mp4,0.042929504
TEST_052.mp4,0.051210128
TEST_053.mp4,0.032792103
TEST_054.mp4,0.05747026
TEST_055.jpeg,0.12460488
TEST_056.mp4,0.055816717
TEST_057.png,0.06889816
TEST_058.mp4,0.05378913
TEST_059.jpg,0.22858353
TEST_060.png,0.066676274
TEST_061.jpg,0.03872476
TEST_062.mp4,0.15501529
TEST_063.png,0.04446811
TEST_064.png,0.04475517
TEST_065.jpg,0.04956141
TEST_066.png,0.33802205
TEST_067.jfif,0.060913105
TEST_068.jpg,0.069311015
TEST_069.mp4,0.04549951
TEST_070.mp4,0.029255057
TEST_071.mp4,0.16736393
TEST_072.jpg,0.061014462
TEST_073.jpg,0.031400833
TEST_074.mp4,0.09135843
TEST_075.mp4,0.04606326
TEST_076.jpg,0.16594297
TEST_077.jpeg,0.03976589
TEST_078.png,0.040290512
TEST_079.png,0.046401512
TEST_080.mp4,0.11845528
TEST_081.jpg,0.047542553
TEST_082.png,0.30719048
TEST_083.mp4,0.05166013
TEST_084.mp4,0.046427283
TEST_085.jpg,0.040108263
TEST_086.mp4,0.049674492
TEST_087.mp4,0.016946016
TEST_088.mov,0.049827173
TEST_089.jpg,0.34514865
TEST_090.mp4,0.16910322
TEST_091.png,0.35080332
TEST_092.mp4,0.086387135
TEST_093.mp4,0.10737003
TEST_094.mp4,0.049067613
TEST_095.mp4,0.3280949
TEST_096.jpg,0.16669294
TEST_097.jpeg,0.046978608
TEST_098.mp4,0.052111167
TEST_099.jpeg,0.037441213
TEST_100.jpg,0.04953817
TEST_101.mp4,0.03644087
TEST_102.png,0.059622098
TEST_103.mov,0.039707147
TEST_104.mov,0.047101114
TEST_105.png,0.04495604
TEST_106.mp4,0.041871745
TEST_107.jpeg,0.058444753
TEST_108.mp4,0.04667893
TEST_109.mp4,0.06360576
TEST_110.mp4,0.04043476
TEST_111.mp4,0.6507199
TEST_112.mp4,0.5225436
TEST_113.jpg,0.03901892
TEST_114.png,0.055432435
TEST_115.jpg,0.052356675
TEST_116.jpg,0.04945271
TEST_117.jpg,0.04745702
TEST_118.jpg,0.09015904
TEST_119.jfif,0.10022785
TEST_120.mp4,0.5344345
TEST_121.mp4,0.029962936
TEST_122.mp4,0.06711722
TEST_123.mp4,0.15377589
TEST_124.png,0.051591065
TEST_125.jpg,0.04421232
TEST_126.mp4,0.049971946
TEST_127.mp4,0.051250596
TEST_128.jpg,0.031710763
TEST_129.mp4,0.039728407
TEST_130.png,0.050063573
TEST_131.jfif,0.05850655
TEST_132.png,0.4110367
TEST_133.jpg,0.110193685
TEST_134.mp4,0.07012967
TEST_135.jpg,0.17558588
TEST_136.mp4,0.37083736
TEST_137.jpeg,0.03825427
TEST_138.png,0.03742703
TEST_139.jpg,0.13525847
TEST_140.jfif,0.055144414
TEST_141.mp4,0.04313867
TEST_142.png,0.043023016
TEST_143.png,0.041124206
TEST_144.jpg,0.11856939
TEST_145.jpg,0.06564329
TEST_146.jpg,0.045125797
TEST_147.mp4,0.11807541
TEST_148.jpg,0.050025966
TEST_149.mp4,0.065686524
TEST_150.png,0.046656974
TEST_151.jpg,0.08543697
TEST_152.jpg,0.08181594
TEST_153.jpg,0.035368465
TEST_154.png,0.31344917
TEST_155.mp4,0.18270376
TEST_156.png,0.056740407
TEST_157.mp4,0.04783592
TEST_158.mp4,0.049136713
TEST_159.jpeg,0.046003435
TEST_160.jfif,0.14945601
TEST_161.mp4,0.050825864
TEST_162.mp4,0.060800776
TEST_163.jpeg,0.039773837
TEST_164.mp4,0.042753655
TEST_165.png,0.06372097
TEST_166.jpeg,0.042197574
TEST_167.png,0.050331682
TEST_168.png,0.041806012
TEST_169.jpg,0.81641066
TEST_170.jfif,0.040439904
TEST_171.mp4,0.24980578
TEST_172.png,0.03915443
TEST_173.png,0.06764297
TEST_174.jfif,0.10916136
TEST_175.mp4,0.3790626
TEST_176.mp4,0.050330438
TEST_177.mp4,0.051709786
TEST_178.mp4,0.062294565
TEST_179.mp4,0.051981602
TEST_180.mp4,0.07623123
TEST_181.mp4,0.18274596
TEST_182.mp4,0.42657927
TEST_183.jpeg,0.2578675
TEST_184.png,0.038462427
TEST_185.mp4,0.06725012
TEST_186.mp4,0.54532
TEST_187.jpg,0.07573729
TEST_188.mp4,0.06577942
TEST_189.mp4,0.03174816
TEST_190.png,0.39327252
TEST_191.mp4,0.06976295
TEST_192.mp4,0.04496761
TEST_193.jpg,0.04120037
TEST_194.jfif,0.09709203
TEST_195.jpg,0.14676651
TEST_196.mp4,0.07876634
TEST_197.jpg,0.07629249
TEST_198.mp4,0.05462781
TEST_199.mp4,0.25726745
TEST_200.png,0.04205597
TEST_201.png,0.04208466
TEST_202.png,0.07218108
TEST_203.mp4,0.052968223
TEST_204.mp4,0.047945064
TEST_205.mp4,0.41020802
TEST_206.jpg,0.102986895
TEST_207.jpg,0.04981133
TEST_208.png,0.04674738
TEST_209.mp4,0.04550185
TEST_210.jpg,0.090118565
TEST_211.jpg,0.20348553
TEST_212.mp4,0.07275291
TEST_213.mp4,0.0410573
TEST_214.jpg,0.03145844
TEST_215.mp4,0.051328775
TEST_216.mp4,0.04832502
TEST_217.mp4,0.03259351
TEST_218.mp4,0.13287377
TEST_219.jpg,0.18397044
TEST_220.mp4,0.060606636
TEST_221.jpg,0.04049495
TEST_222.jpeg,0.068890125
TEST_223.mp4,0.07071044
TEST_224.mp4,0.03389943
TEST_225.mp4,0.06143025
TEST_226.jpg,0.042471085
TEST_227.mp4,0.04215281
TEST_228.jpg,0.032785766
TEST_229.png,0.039512206
TEST_230.png,0.061438136
TEST_231.jpg,0.044775102
TEST_232.mp4,0.042698786
TEST_233.png,0.04214748
TEST_234.mp4,0.05389172
TEST_235.mp4,0.106213264
TEST_236.mp4,0.039417993
TEST_237.mp4,0.07964191
TEST_238.mp4,0.06575917
TEST_239.mp4,0.12933545
TEST_240.mp4,0.46231848
TEST_241.mp4,0.041085843
TEST_242.mp4,0.035637528
TEST_243.png,0.05074609
TEST_244.mp4,0.047469884
TEST_245.jpg,0.04684434
TEST_246.jpg,0.070671156
TEST_247.png,0.055427723
TEST_248.mp4,0.041612335
TEST_249.mp4,0.044225223
TEST_250.png,0.08622089
TEST_251.mp4,0.18383247
TEST_252.png,0.25974122
TEST_253.mp4,0.35169438
TEST_254.mp4,0.03294784
TEST_255.mp4,0.041758165
TEST_256.mp4,0.10813682
TEST_257.mp4,0.04355147
TEST_258.mp4,0.061651666
TEST_259.mp4,0.055929154
TEST_260.jpg,0.18022247
TEST_261.jpg,0.042195573
TEST_262.mp4,0.045674965
TEST_263.png,0.05655981
TEST_264.mp4,0.72981316
TEST_265.jpg,0.048566427
TEST_266.mp4,0.06270834
TEST_267.png,0.041086245
TEST_268.mp4,0.61545146
TEST_269.jpg,0.039053336
TEST_270.mp4,0.065062195
TEST_271.mp4,0.33977547
TEST_272.jpg,0.10111309
TEST_273.mp4,0.04225781
TEST_274.mp4,0.12622808
TEST_275.mp4,0.17228031
TEST_276.mp4,0.045606464
TEST_277.mp4,0.6252124
TEST_278.jpg,0.08244668
TEST_279.jpg,0.0629544
TEST_280.mp4,0.44514632
TEST_281.mp4,0.060606305
TEST_282.mp4,0.044083226
TEST_283.mp4,0.044701263
TEST_284.mp4,0.07853758
TEST_285.mp4,0.062239174
TEST_286.jpg,0.065334156
TEST_287.mp4,0.40261117
TEST_288.mp4,0.046226334
TEST_289.mp4,0.03488771
TEST_290.mp4,0.27096578
TEST_291.mp4,0.044562522
TEST_292.mp4,0.064961866
TEST_293.mp4,0.04128984
TEST_294.jpeg,0.049210157
TEST_295.mp4,0.54585314
TEST_296.mp4,0.27710608
TEST_297.mp4,0.062184576
TEST_298.png,0.07063068
TEST_299.png,0.05363238
TEST_300.mp4,0.044185426
TEST_301.jpg,0.042442396
TEST_302.mp4,0.075736105
TEST_303.mp4,0.045136414
TEST_304.mp4,0.04210402
TEST_305.mp4,0.042155933
TEST_306.jpg,0.03884926
TEST_307.jpg,0.10817177
TEST_308.jpg,0.24039076
TEST_309.jpg,0.038330797
TEST_310.mp4,0.063659646
TEST_311.mp4,0.92290574
TEST_312.mp4,0.053684577
TEST_313.mp4,0.569799
TEST_314.jpg,0.07100385
TEST_315.jpg,0.08097658
TEST_316.mp4,0.021399003
TEST_317.jpeg,0.046856724
TEST_318.mp4,0.08785546
TEST_319.mp4,0.14103732
TEST_320.mp4,0.051602963
TEST_321.png,0.92249453
TEST_322.jpg,0.11263084
TEST_323.png,0.2676195
TEST_324.jfif,0.0497181
TEST_325.png,0.047877155
TEST_326.jfif,0.128201
TEST_327.jpg,0.06461234
TEST_328.mp4,0.037713606
TEST_329.mp4,0.044525832
TEST_330.mp4,0.047365926
TEST_331.jpg,0.033977713
TEST_332.jpg,0.0686097
TEST_333.jpeg,0.0509687
TEST_334.mp4,0.04256222
TEST_335.mp4,0.0933332
TEST_336.mp4,0.044064913
TEST_337.mp4,0.37169427
TEST_338.mp4,0.052916974
TEST_339.jpeg,0.07873876
TEST_340.jpg,0.12528533
TEST_341.jpg,0.056102253
TEST_342.png,0.9182419
TEST_343.mp4,0.04825028
TEST_344.mp4,0.0447941
TEST_345.jpeg,0.04793344
TEST_346.png,0.0368058
TEST_347.mp4,0.2148973
TEST_348.mp4,0.054978527
TEST_349.jpg,0.17583345
TEST_350.jpg,0.08889781
TEST_351.mp4,0.016594337
TEST_352.png,0.03261583
TEST_353.jpg,0.2925633
TEST_354.mp4,0.043792862
TEST_355.png,0.35976985
TEST_356.jpeg,0.05827745
TEST_357.mp4,0.060207818
TEST_358.mp4,0.049848985
TEST_359.mp4,0.046106994
TEST_360.jpg,0.36159226
TEST_361.mp4,0.052178927
TEST_362.mp4,0.051464524
TEST_363.jfif,0.06294158
TEST_364.jpeg,0.04481672
TEST_365.jpg,0.040917896
TEST_366.jpg,0.33594546
TEST_367.mp4,0.05168392
TEST_368.mp4,0.05557113
TEST_369.mp4,0.05540149
TEST_370.png,0.040875334
TEST_371.mp4,0.7249282
TEST_372.jpg,0.18646047
TEST_373.jpg,0.06108353
TEST_374.jpg,0.0578309
TEST_375.mp4,0.050009042
TEST_376.mp4,0.03364005
TEST_377.mp4,0.11846651
TEST_378.jpg,0.07524858
TEST_379.mp4,0.03970455
TEST_380.png,0.040396564
TEST_381.png,0.03871999
TEST_382.png,0.05057213
TEST_383.mp4,0.18925597
TEST_384.png,0.050947342
TEST_385.png,0.0417216
TEST_386.mp4,0.038878195
TEST_387.jpg,0.05898149
TEST_388.mp4,0.05292039
TEST_389.png,0.06279849
TEST_390.mp4,0.38893554
TEST_391.png,0.06643012
TEST_392.mp4,0.036105126
TEST_393.mp4,0.1130333
TEST_394.jpg,0.03956116
TEST_395.mp4,0.6906001
TEST_396.mp4,0.032222237
TEST_397.mp4,0.066932045
TEST_398.png,0.21662149
TEST_399.mp4,0.0804479
TEST_400.mp4,0.050588734
TEST_401.mp4,0.038990058
TEST_402.png,0.038056366
TEST_403.jpg,0.038253777
TEST_404.png,0.04153183
TEST_405.png,0.07052729
TEST_406.mp4,0.041253097
TEST_407.mp4,0.030905189
TEST_408.jpg,0.096632466
TEST_409.mp4,0.106740505
TEST_410.mp4,0.040971983
TEST_411.jpg,0.047775198
TEST_412.mp4,0.08501975
TEST_413.mp4,0.051354486
TEST_414.mp4,0.093207344
TEST_415.mp4,0.047860194
TEST_416.jpg,0.04526039
TEST_417.jpg,0.040226884
TEST_418.jpg,0.04470422
TEST_419.mp4,0.043923017
TEST_420.png,0.058590278
TEST_421.mp4,0.61129206
TEST_422.png,0.045032628
TEST_423.jpg,0.050824184
TEST_424.mp4,0.051833127
TEST_425.jfif,0.045236982
TEST_426.mp4,0.06063491
TEST_427.jpg,0.057566147
TEST_428.jpg,0.046602074
TEST_429.mp4,0.041559864
TEST_430.mp4,0.2019539
TEST_431.jpeg,0.040707137
TEST_432.mp4,0.04172985
TEST_433.png,0.05226697
TEST_434.jpeg,0.038538516
TEST_435.mp4,0.08316953
TEST_436.jpg,0.21413648
TEST_437.jpg,0.042824335
TEST_438.jpeg,0.04614816
TEST_439.mp4,0.04311807
TEST_440.jpg,0.563519
TEST_441.mp4,0.046744693
TEST_442.jpg,0.03751195
TEST_443.mp4,0.4126585
TEST_444.mp4,0.03958246
TEST_445.png,0.051721253
TEST_446.mp4,0.043850478
TEST_447.mp4,0.10388077
TEST_448.png,0.03153611
TEST_449.mp4,0.03308866
TEST_450.jpg,0.04107219
TEST_451.jpeg,0.5670676
TEST_452.mp4,0.05052758
TEST_453.png,0.065734066
TEST_454.png,0.038092412
TEST_455.mp4,0.045013607
TEST_456.mp4,0.07251256
TEST_457.mp4,0.03546442
TEST_458.png,0.039375965
TEST_459.mp4,0.029766452
TEST_460.mp4,0.030959511
TEST_461.png,0.030815411
TEST_462.jfif,0.041819237
TEST_463.mp4,0.07289616
TEST_464.jpg,0.08069839
TEST_465.jpg,0.041510746
TEST_466.jfif,0.040290225
TEST_467.mp4,0.045686357
TEST_468.png,0.019101616
TEST_469.mp4,0.10403776
TEST_470.jpg,0.25928083
TEST_471.mp4,0.045355625
TEST_472.mp4,0.052190576
TEST_473.mp4,0.03634705
TEST_474.mp4,0.33100834
TEST_475.mp4,0.06432352
TEST_476.mov,0.04568408
TEST_477.jpg,0.07120799
TEST_478.mp4,0.11491338
TEST_479.mp4,0.10823847
TEST_480.mp4,0.04797499
TEST_481.mp4,0.041113984
TEST_482.mp4,0.02635386
TEST_483.jpg,0.037181765
TEST_484.mp4,0.6068382
TEST_485.png,0.04405357
TEST_486.png,0.06276375
TEST_487.mp4,0.045510072
TEST_488.mp4,0.058414806
TEST_489.png,0.04324752
TEST_490.png,0.0403044
TEST_491.png,0.3309467
TEST_492.jfif,0.057967022
TEST_493.mp4,0.32035002
TEST_494.jpeg,0.045537814
TEST_495.jpg,0.07324077
TEST_496.jpg,0.037576254
TEST_497.mp4,0.54708034
TEST_498.mp4,0.03443233
TEST_499.jfif,0.043997727
